{
    "factories":  [
                      {
                          "linkedServices":  [
                                                 {
                                                     "properties":  {
                                                                        "dataLakeStoreUri":  "https://g1g2hdistore.azuredatalakestore.net/webhdfs/v1",
                                                                        "tenant":  "72f988bf-86f1-41af-91ab-2d7cd011db47",
                                                                        "servicePrincipalId":  "",
                                                                        "servicePrincipalKey":  "",
                                                                        "type":  "AzureDataLakeStore",
                                                                        "subscriptionId":  "29440f0b-dc91-4851-8e0a-b714bb5d3f78"
                                                                    },
                                                     "name":  "AzureDataLakeStoreGen1",
                                                     "lsId":  "1",
                                                     "overwrite":  "true"
                                                 },
                                                 {
                                                     "properties":  {
                                                                        "url":  "https://g2hdistorage.dfs.core.windows.net",
                                                                        "type":  "AzureBlobFS",
                                                                        "accountKey":  ""
                                                                    },
                                                     "name":  "AzureDataLakeStoreGen2",
                                                     "lsId":  "2",
                                                     "overwrite":  "true"
                                                 }
                                             ],
                          "resourceGroupName":  "Gen1ToGen2Migration",
                          "factoryName":  "Gen1ToGen2Fullloadtest",
                          "pipelines":  [
                                            {
                                                "overwrite":  "true",
                                                "name":  "CopyGen1ToGen2Full1",
                                                "activities":  [
                                                                   {
                                                                       "name":  "CopyADLSGen1ToGen2Activity1",
                                                                       "inputDataSetReferenceName":  "InputGen1ADLSFull1",
                                                                       "outputDataSetReferenceName":  "OutputGen2ADLSFull2"
                                                                   }
                                                               ],
                                                "incremental":  "false",
                                                "type":  "Copy",
                                                "pipelineId":  "1"
                                            }
                                        ],
                          "dataSets":  [
                                           {
                                               "referenceName":  "AzureDataLakeStoreGen1",
                                               "properties":  {
                                                                  "typeProperties":  {
                                                                                         "locationType":  "AzureDataLakeStoreLocation",
                                                                                         "folderPath":  "/AdventureWorks/Raw/DimCustomer"
                                                                                     },
                                                                  "type":  "Binary"
                                                              },
                                               "name":  "InputGen1ADLSFull1",
                                               "overwrite":  "true",
                                               "dsId":  1
                                           },
                                           {
                                               "referenceName":  "AzureDataLakeStoreGen2",
                                               "properties":  {
                                                                  "typeProperties":  {
                                                                                         "fileSystem":  "fullloadtest",
                                                                                         "locationType":  "AzureBlobFSLocation",
                                                                                         "folderPath":  "/AdventureWorks/Raw/DimCustomer"
                                                                                     },
                                                                  "type":  "Binary"
                                                              },
                                               "name":  "OutputGen2ADLSFull2",
                                               "overwrite":  "true",
                                               "dsId":  2
                                           }
                                       ],
                          "location":  "East US 2"
                      }
                  ]
}
