{
    "name": "@@activityName@@",
    "type": "Copy",
    "dependsOn": [],
    "policy": {
        "timeout": "7.00:00:00",
        "retry": 0,
        "retryIntervalInSeconds": 30,
        "secureOutput": false,
        "secureInput": false
    },
    "userProperties": [
		{
            "name": "Source",
            "value": "@@inputFolderPath@@"
        },
        {
            "name": "Destination",
            "value": "@@outputFolderPath@@"
        }
	],
    "typeProperties": {
        "source": {
            "type": "BinarySource",
            "storeSettings": {
                "type": "AzureDataLakeStoreReadSettings",
                "recursive": true,
				"modifiedDatetimeStart": {
                    "value": "@pipeline().parameters.windowStart",
                    "type": "Expression"
                },
                "modifiedDatetimeEnd": {
                    "value": "@pipeline().parameters.windowEnd",
                    "type": "Expression"
                },
				"wildcardFileName": "*"
            }
        },
        "sink": {
            "type": "BinarySink",
            "storeSettings": {
                "type": "AzureBlobFSWriteSettings",
                "copyBehavior": "PreserveHierarchy"
            }
        },
        "enableStaging": false,
		"preserve": 
		[
			"ACL",
			"Owner",
			"Group"
        ]
    },
    "inputs": [
        {
            "referenceName": "@@inputReferenceName@@",
            "type": "DatasetReference"
        }
    ],
    "outputs": [
        {
            "referenceName": "@@outputReferenceName@@",
            "type": "DatasetReference"
        }
    ]
}
