{    "name": "CopyGen1ToGen2Full1",    "properties": {        "activities": [{
    "name": "CopyADLSGen1ToGen2Activity1",
    "type": "Copy",
    "dependsOn": [],
    "policy": {
        "timeout": "7.00:00:00",
        "retry": 0,
        "retryIntervalInSeconds": 30,
        "secureOutput": false,
        "secureInput": false
    },
    "userProperties": [],
    "typeProperties": {
        "source": {
            "type": "BinarySource",
            "storeSettings": {
                "type": "AzureDataLakeStoreReadSettings",
                "recursive": true
            }
        },
        "sink": {
            "type": "BinarySink",
            "storeSettings": {
                "type": "AzureBlobFSWriteSettings",
                "copyBehavior": "PreserveHierarchy"
            }
        },
        "enableStaging": false,
		"preserve": 
		[
			"ACL",
			"Owner",
			"Group"
        ]
    },
    "inputs": [
        {
            "referenceName": "InputGen1ADLSFull1",
            "type": "DatasetReference"
        }
    ],
    "outputs": [
        {
            "referenceName": "OutputGen2ADLSFull2",
            "type": "DatasetReference"
        }
    ]
}
],        "annotations": []    }}
